index_id,yahoo_symbol,indicator_group,indicator_name,indicator_value,as_of_date,source_url
AAVE-CAD,AAVE-CAD,price_trading,currentPrice,165.99841,2026-03-18,"https://query2.finance.yahoo.com/v10/finance/quoteSummary/AAVE-CAD?modules=price,summaryDetail,defaultKeyStatistics,financialData,calendarEvents,earningsTrend,recommendationTrend,upgradeDowngradeHistory,esgScores,assetProfile"
AAVE-CAD,AAVE-CAD,price_trading,open,163.83879,2026-03-18,"https://query2.finance.yahoo.com/v10/finance/quoteSummary/AAVE-CAD?modules=price,summaryDetail,defaultKeyStatistics,financialData,calendarEvents,earningsTrend,recommendationTrend,upgradeDowngradeHistory,esgScores,assetProfile"
AAVE-CAD,AAVE-CAD,price_trading,previousClose,163.83879,2026-03-18,"https://query2.finance.yahoo.com/v10/finance/quoteSummary/AAVE-CAD?modules=price,summaryDetail,defaultKeyStatistics,financialData,calendarEvents,earningsTrend,recommendationTrend,upgradeDowngradeHistory,esgScores,assetProfile"
AAVE-CAD,AAVE-CAD,price_trading,dayLow,163.20407,2026-03-18,"https://query2.finance.yahoo.com/v10/finance/quoteSummary/AAVE-CAD?modules=price,summaryDetail,defaultKeyStatistics,financialData,calendarEvents,earningsTrend,recommendationTrend,upgradeDowngradeHistory,esgScores,assetProfile"
AAVE-CAD,AAVE-CAD,price_trading,dayHigh,166.12914,2026-03-18,"https://query2.finance.yahoo.com/v10/finance/quoteSummary/AAVE-CAD?modules=price,summaryDetail,defaultKeyStatistics,financialData,calendarEvents,earningsTrend,recommendationTrend,upgradeDowngradeHistory,esgScores,assetProfile"
AAVE-CAD,AAVE-CAD,price_trading,fiftyTwoWeekLow,129.21977,2026-03-18,"https://query2.finance.yahoo.com/v10/finance/quoteSummary/AAVE-CAD?modules=price,summaryDetail,defaultKeyStatistics,financialData,calendarEvents,earningsTrend,recommendationTrend,upgradeDowngradeHistory,esgScores,assetProfile"
AAVE-CAD,AAVE-CAD,price_trading,fiftyTwoWeekHigh,529.92346,2026-03-18,"https://query2.finance.yahoo.com/v10/finance/quoteSummary/AAVE-CAD?modules=price,summaryDetail,defaultKeyStatistics,financialData,calendarEvents,earningsTrend,recommendationTrend,upgradeDowngradeHistory,esgScores,assetProfile"
AAVE-CAD,AAVE-CAD,price_trading,volume,559163776,2026-03-18,"https://query2.finance.yahoo.com/v10/finance/quoteSummary/AAVE-CAD?modules=price,summaryDetail,defaultKeyStatistics,financialData,calendarEvents,earningsTrend,recommendationTrend,upgradeDowngradeHistory,esgScores,assetProfile"
AAVE-CAD,AAVE-CAD,price_trading,averageVolume,494175963,2026-03-18,"https://query2.finance.yahoo.com/v10/finance/quoteSummary/AAVE-CAD?modules=price,summaryDetail,defaultKeyStatistics,financialData,calendarEvents,earningsTrend,recommendationTrend,upgradeDowngradeHistory,esgScores,assetProfile"
AAVE-CAD,AAVE-CAD,price_trading,marketCap,2552225024,2026-03-18,"https://query2.finance.yahoo.com/v10/finance/quoteSummary/AAVE-CAD?modules=price,summaryDetail,defaultKeyStatistics,financialData,calendarEvents,earningsTrend,recommendationTrend,upgradeDowngradeHistory,esgScores,assetProfile"
AAVE-CNY,AAVE-CNY,price_trading,currentPrice,834.0678,2026-03-18,"https://query2.finance.yahoo.com/v10/finance/quoteSummary/AAVE-CNY?modules=price,summaryDetail,defaultKeyStatistics,financialData,calendarEvents,earningsTrend,recommendationTrend,upgradeDowngradeHistory,esgScores,assetProfile"
AAVE-CNY,AAVE-CNY,price_trading,open,824.16815,2026-03-18,"https://query2.finance.yahoo.com/v10/finance/quoteSummary/AAVE-CNY?modules=price,summaryDetail,defaultKeyStatistics,financialData,calendarEvents,earningsTrend,recommendationTrend,upgradeDowngradeHistory,esgScores,assetProfile"
AAVE-CNY,AAVE-CNY,price_trading,previousClose,824.16815,2026-03-18,"https://query2.finance.yahoo.com/v10/finance/quoteSummary/AAVE-CNY?modules=price,summaryDetail,defaultKeyStatistics,financialData,calendarEvents,earningsTrend,recommendationTrend,upgradeDowngradeHistory,esgScores,assetProfile"
AAVE-CNY,AAVE-CNY,price_trading,dayLow,820.0275,2026-03-18,"https://query2.finance.yahoo.com/v10/finance/quoteSummary/AAVE-CNY?modules=price,summaryDetail,defaultKeyStatistics,financialData,calendarEvents,earningsTrend,recommendationTrend,upgradeDowngradeHistory,esgScores,assetProfile"
AAVE-CNY,AAVE-CNY,price_trading,dayHigh,834.7247,2026-03-18,"https://query2.finance.yahoo.com/v10/finance/quoteSummary/AAVE-CNY?modules=price,summaryDetail,defaultKeyStatistics,financialData,calendarEvents,earningsTrend,recommendationTrend,upgradeDowngradeHistory,esgScores,assetProfile"
AAVE-CNY,AAVE-CNY,price_trading,fiftyTwoWeekLow,653.38934,2026-03-18,"https://query2.finance.yahoo.com/v10/finance/quoteSummary/AAVE-CNY?modules=price,summaryDetail,defaultKeyStatistics,financialData,calendarEvents,earningsTrend,recommendationTrend,upgradeDowngradeHistory,esgScores,assetProfile"
AAVE-CNY,AAVE-CNY,price_trading,fiftyTwoWeekHigh,2743.9915,2026-03-18,"https://query2.finance.yahoo.com/v10/finance/quoteSummary/AAVE-CNY?modules=price,summaryDetail,defaultKeyStatistics,financialData,calendarEvents,earningsTrend,recommendationTrend,upgradeDowngradeHistory,esgScores,assetProfile"
AAVE-CNY,AAVE-CNY,price_trading,volume,2809548032,2026-03-18,"https://query2.finance.yahoo.com/v10/finance/quoteSummary/AAVE-CNY?modules=price,summaryDetail,defaultKeyStatistics,financialData,calendarEvents,earningsTrend,recommendationTrend,upgradeDowngradeHistory,esgScores,assetProfile"
AAVE-CNY,AAVE-CNY,price_trading,averageVolume,2502909710,2026-03-18,"https://query2.finance.yahoo.com/v10/finance/quoteSummary/AAVE-CNY?modules=price,summaryDetail,defaultKeyStatistics,financialData,calendarEvents,earningsTrend,recommendationTrend,upgradeDowngradeHistory,esgScores,assetProfile"
AAVE-CNY,AAVE-CNY,price_trading,marketCap,12823789568,2026-03-18,"https://query2.finance.yahoo.com/v10/finance/quoteSummary/AAVE-CNY?modules=price,summaryDetail,defaultKeyStatistics,financialData,calendarEvents,earningsTrend,recommendationTrend,upgradeDowngradeHistory,esgScores,assetProfile"
AED=X,AED=X,price_trading,currentPrice,3.672,2026-03-18,"https://query2.finance.yahoo.com/v10/finance/quoteSummary/AED%3DX?modules=price,summaryDetail,defaultKeyStatistics,financialData,calendarEvents,earningsTrend,recommendationTrend,upgradeDowngradeHistory,esgScores,assetProfile"
AED=X,AED=X,price_trading,open,3.672,2026-03-18,"https://query2.finance.yahoo.com/v10/finance/quoteSummary/AED%3DX?modules=price,summaryDetail,defaultKeyStatistics,financialData,calendarEvents,earningsTrend,recommendationTrend,upgradeDowngradeHistory,esgScores,assetProfile"
AED=X,AED=X,price_trading,previousClose,3.672,2026-03-18,"https://query2.finance.yahoo.com/v10/finance/quoteSummary/AED%3DX?modules=price,summaryDetail,defaultKeyStatistics,financialData,calendarEvents,earningsTrend,recommendationTrend,upgradeDowngradeHistory,esgScores,assetProfile"
AED=X,AED=X,price_trading,dayLow,3.672,2026-03-18,"https://query2.finance.yahoo.com/v10/finance/quoteSummary/AED%3DX?modules=price,summaryDetail,defaultKeyStatistics,financialData,calendarEvents,earningsTrend,recommendationTrend,upgradeDowngradeHistory,esgScores,assetProfile"
AED=X,AED=X,price_trading,dayHigh,3.672,2026-03-18,"https://query2.finance.yahoo.com/v10/finance/quoteSummary/AED%3DX?modules=price,summaryDetail,defaultKeyStatistics,financialData,calendarEvents,earningsTrend,recommendationTrend,upgradeDowngradeHistory,esgScores,assetProfile"
AED=X,AED=X,price_trading,fiftyTwoWeekLow,3.67057,2026-03-18,"https://query2.finance.yahoo.com/v10/finance/quoteSummary/AED%3DX?modules=price,summaryDetail,defaultKeyStatistics,financialData,calendarEvents,earningsTrend,recommendationTrend,upgradeDowngradeHistory,esgScores,assetProfile"
AED=X,AED=X,price_trading,fiftyTwoWeekHigh,3.673,2026-03-18,"https://query2.finance.yahoo.com/v10/finance/quoteSummary/AED%3DX?modules=price,summaryDetail,defaultKeyStatistics,financialData,calendarEvents,earningsTrend,recommendationTrend,upgradeDowngradeHistory,esgScores,assetProfile"
AED=X,AED=X,price_trading,volume,0,2026-03-18,"https://query2.finance.yahoo.com/v10/finance/quoteSummary/AED%3DX?modules=price,summaryDetail,defaultKeyStatistics,financialData,calendarEvents,earningsTrend,recommendationTrend,upgradeDowngradeHistory,esgScores,assetProfile"
AED=X,AED=X,price_trading,averageVolume,0,2026-03-18,"https://query2.finance.yahoo.com/v10/finance/quoteSummary/AED%3DX?modules=price,summaryDetail,defaultKeyStatistics,financialData,calendarEvents,earningsTrend,recommendationTrend,upgradeDowngradeHistory,esgScores,assetProfile"
AEDAUD=X,AEDAUD=X,price_trading,currentPrice,0.38299,2026-03-18,"https://query2.finance.yahoo.com/v10/finance/quoteSummary/AEDAUD%3DX?modules=price,summaryDetail,defaultKeyStatistics,financialData,calendarEvents,earningsTrend,recommendationTrend,upgradeDowngradeHistory,esgScores,assetProfile"
AEDAUD=X,AEDAUD=X,price_trading,open,0.38248,2026-03-18,"https://query2.finance.yahoo.com/v10/finance/quoteSummary/AEDAUD%3DX?modules=price,summaryDetail,defaultKeyStatistics,financialData,calendarEvents,earningsTrend,recommendationTrend,upgradeDowngradeHistory,esgScores,assetProfile"
AEDAUD=X,AEDAUD=X,price_trading,previousClose,0.38288,2026-03-18,"https://query2.finance.yahoo.com/v10/finance/quoteSummary/AEDAUD%3DX?modules=price,summaryDetail,defaultKeyStatistics,financialData,calendarEvents,earningsTrend,recommendationTrend,upgradeDowngradeHistory,esgScores,assetProfile"
AEDAUD=X,AEDAUD=X,price_trading,dayLow,0.38248,2026-03-18,"https://query2.finance.yahoo.com/v10/finance/quoteSummary/AEDAUD%3DX?modules=price,summaryDetail,defaultKeyStatistics,financialData,calendarEvents,earningsTrend,recommendationTrend,upgradeDowngradeHistory,esgScores,assetProfile"
AEDAUD=X,AEDAUD=X,price_trading,dayHigh,0.38299,2026-03-18,"https://query2.finance.yahoo.com/v10/finance/quoteSummary/AEDAUD%3DX?modules=price,summaryDetail,defaultKeyStatistics,financialData,calendarEvents,earningsTrend,recommendationTrend,upgradeDowngradeHistory,esgScores,assetProfile"
AEDAUD=X,AEDAUD=X,price_trading,fiftyTwoWeekLow,0.379355,2026-03-18,"https://query2.finance.yahoo.com/v10/finance/quoteSummary/AEDAUD%3DX?modules=price,summaryDetail,defaultKeyStatistics,financialData,calendarEvents,earningsTrend,recommendationTrend,upgradeDowngradeHistory,esgScores,assetProfile"
AEDAUD=X,AEDAUD=X,price_trading,fiftyTwoWeekHigh,0.457115,2026-03-18,"https://query2.finance.yahoo.com/v10/finance/quoteSummary/AEDAUD%3DX?modules=price,summaryDetail,defaultKeyStatistics,financialData,calendarEvents,earningsTrend,recommendationTrend,upgradeDowngradeHistory,esgScores,assetProfile"
AEDAUD=X,AEDAUD=X,price_trading,volume,0,2026-03-18,"https://query2.finance.yahoo.com/v10/finance/quoteSummary/AEDAUD%3DX?modules=price,summaryDetail,defaultKeyStatistics,financialData,calendarEvents,earningsTrend,recommendationTrend,upgradeDowngradeHistory,esgScores,assetProfile"
AEDAUD=X,AEDAUD=X,price_trading,averageVolume,0,2026-03-18,"https://query2.finance.yahoo.com/v10/finance/quoteSummary/AEDAUD%3DX?modules=price,summaryDetail,defaultKeyStatistics,financialData,calendarEvents,earningsTrend,recommendationTrend,upgradeDowngradeHistory,esgScores,assetProfile"
000002.SZ,000002.SZ,price_trading,currentPrice,4.62,2026-03-18,"https://query2.finance.yahoo.com/v10/finance/quoteSummary/000002.SZ?modules=price,summaryDetail,defaultKeyStatistics,financialData,calendarEvents,earningsTrend,recommendationTrend,upgradeDowngradeHistory,esgScores,assetProfile"
000002.SZ,000002.SZ,price_trading,open,4.65,2026-03-18,"https://query2.finance.yahoo.com/v10/finance/quoteSummary/000002.SZ?modules=price,summaryDetail,defaultKeyStatistics,financialData,calendarEvents,earningsTrend,recommendationTrend,upgradeDowngradeHistory,esgScores,assetProfile"
000002.SZ,000002.SZ,price_trading,previousClose,4.7,2026-03-18,"https://query2.finance.yahoo.com/v10/finance/quoteSummary/000002.SZ?modules=price,summaryDetail,defaultKeyStatistics,financialData,calendarEvents,earningsTrend,recommendationTrend,upgradeDowngradeHistory,esgScores,assetProfile"
000002.SZ,000002.SZ,price_trading,dayLow,4.61,2026-03-18,"https://query2.finance.yahoo.com/v10/finance/quoteSummary/000002.SZ?modules=price,summaryDetail,defaultKeyStatistics,financialData,calendarEvents,earningsTrend,recommendationTrend,upgradeDowngradeHistory,esgScores,assetProfile"
000002.SZ,000002.SZ,price_trading,dayHigh,4.69,2026-03-18,"https://query2.finance.yahoo.com/v10/finance/quoteSummary/000002.SZ?modules=price,summaryDetail,defaultKeyStatistics,financialData,calendarEvents,earningsTrend,recommendationTrend,upgradeDowngradeHistory,esgScores,assetProfile"
000002.SZ,000002.SZ,price_trading,fiftyTwoWeekLow,4.59,2026-03-18,"https://query2.finance.yahoo.com/v10/finance/quoteSummary/000002.SZ?modules=price,summaryDetail,defaultKeyStatistics,financialData,calendarEvents,earningsTrend,recommendationTrend,upgradeDowngradeHistory,esgScores,assetProfile"
000002.SZ,000002.SZ,price_trading,fiftyTwoWeekHigh,7.52,2026-03-18,"https://query2.finance.yahoo.com/v10/finance/quoteSummary/000002.SZ?modules=price,summaryDetail,defaultKeyStatistics,financialData,calendarEvents,earningsTrend,recommendationTrend,upgradeDowngradeHistory,esgScores,assetProfile"
000002.SZ,000002.SZ,price_trading,volume,69636040,2026-03-18,"https://query2.finance.yahoo.com/v10/finance/quoteSummary/000002.SZ?modules=price,summaryDetail,defaultKeyStatistics,financialData,calendarEvents,earningsTrend,recommendationTrend,upgradeDowngradeHistory,esgScores,assetProfile"
000002.SZ,000002.SZ,price_trading,averageVolume,201520394,2026-03-18,"https://query2.finance.yahoo.com/v10/finance/quoteSummary/000002.SZ?modules=price,summaryDetail,defaultKeyStatistics,financialData,calendarEvents,earningsTrend,recommendationTrend,upgradeDowngradeHistory,esgScores,assetProfile"
000002.SZ,000002.SZ,price_trading,marketCap,55119876096,2026-03-18,"https://query2.finance.yahoo.com/v10/finance/quoteSummary/000002.SZ?modules=price,summaryDetail,defaultKeyStatistics,financialData,calendarEvents,earningsTrend,recommendationTrend,upgradeDowngradeHistory,esgScores,assetProfile"
000002.SZ,000002.SZ,price_trading,beta,0.817,2026-03-18,"https://query2.finance.yahoo.com/v10/finance/quoteSummary/000002.SZ?modules=price,summaryDetail,defaultKeyStatistics,financialData,calendarEvents,earningsTrend,recommendationTrend,upgradeDowngradeHistory,esgScores,assetProfile"
000002.SZ,000002.SZ,valuation,forwardPE,-2.5691645,2026-03-18,"https://query2.finance.yahoo.com/v10/finance/quoteSummary/000002.SZ?modules=price,summaryDetail,defaultKeyStatistics,financialData,calendarEvents,earningsTrend,recommendationTrend,upgradeDowngradeHistory,esgScores,assetProfile"
000002.SZ,000002.SZ,valuation,priceToBook,0.31362432,2026-03-18,"https://query2.finance.yahoo.com/v10/finance/quoteSummary/000002.SZ?modules=price,summaryDetail,defaultKeyStatistics,financialData,calendarEvents,earningsTrend,recommendationTrend,upgradeDowngradeHistory,esgScores,assetProfile"
000002.SZ,000002.SZ,valuation,priceToSalesTrailing12Months,0.19362725,2026-03-18,"https://query2.finance.yahoo.com/v10/finance/quoteSummary/000002.SZ?modules=price,summaryDetail,defaultKeyStatistics,financialData,calendarEvents,earningsTrend,recommendationTrend,upgradeDowngradeHistory,esgScores,assetProfile"
000002.SZ,000002.SZ,valuation,enterpriseValue,502864969728,2026-03-18,"https://query2.finance.yahoo.com/v10/finance/quoteSummary/000002.SZ?modules=price,summaryDetail,defaultKeyStatistics,financialData,calendarEvents,earningsTrend,recommendationTrend,upgradeDowngradeHistory,esgScores,assetProfile"
000002.SZ,000002.SZ,valuation,enterpriseToEbitda,-36.626,2026-03-18,"https://query2.finance.yahoo.com/v10/finance/quoteSummary/000002.SZ?modules=price,summaryDetail,defaultKeyStatistics,financialData,calendarEvents,earningsTrend,recommendationTrend,upgradeDowngradeHistory,esgScores,assetProfile"
000002.SZ,000002.SZ,valuation,enterpriseToRevenue,1.766,2026-03-18,"https://query2.finance.yahoo.com/v10/finance/quoteSummary/000002.SZ?modules=price,summaryDetail,defaultKeyStatistics,financialData,calendarEvents,earningsTrend,recommendationTrend,upgradeDowngradeHistory,esgScores,assetProfile"
000002.SZ,000002.SZ,profitability,grossProfits,10046533632,2026-03-18,"https://query2.finance.yahoo.com/v10/finance/quoteSummary/000002.SZ?modules=price,summaryDetail,defaultKeyStatistics,financialData,calendarEvents,earningsTrend,recommendationTrend,upgradeDowngradeHistory,esgScores,assetProfile"
000002.SZ,000002.SZ,profitability,operatingMargins,-0.11801,2026-03-18,"https://query2.finance.yahoo.com/v10/finance/quoteSummary/000002.SZ?modules=price,summaryDetail,defaultKeyStatistics,financialData,calendarEvents,earningsTrend,recommendationTrend,upgradeDowngradeHistory,esgScores,assetProfile"
000002.SZ,000002.SZ,profitability,profitMargins,-0.20919001,2026-03-18,"https://query2.finance.yahoo.com/v10/finance/quoteSummary/000002.SZ?modules=price,summaryDetail,defaultKeyStatistics,financialData,calendarEvents,earningsTrend,recommendationTrend,upgradeDowngradeHistory,esgScores,assetProfile"
000002.SZ,000002.SZ,profitability,returnOnAssets,-0.00878,2026-03-18,"https://query2.finance.yahoo.com/v10/finance/quoteSummary/000002.SZ?modules=price,summaryDetail,defaultKeyStatistics,financialData,calendarEvents,earningsTrend,recommendationTrend,upgradeDowngradeHistory,esgScores,assetProfile"
000002.SZ,000002.SZ,profitability,returnOnEquity,-0.17928,2026-03-18,"https://query2.finance.yahoo.com/v10/finance/quoteSummary/000002.SZ?modules=price,summaryDetail,defaultKeyStatistics,financialData,calendarEvents,earningsTrend,recommendationTrend,upgradeDowngradeHistory,esgScores,assetProfile"
000002.SZ,000002.SZ,balance_sheet,totalCash,60387823616,2026-03-18,"https://query2.finance.yahoo.com/v10/finance/quoteSummary/000002.SZ?modules=price,summaryDetail,defaultKeyStatistics,financialData,calendarEvents,earningsTrend,recommendationTrend,upgradeDowngradeHistory,esgScores,assetProfile"
000002.SZ,000002.SZ,balance_sheet,totalDebt,381904224256,2026-03-18,"https://query2.finance.yahoo.com/v10/finance/quoteSummary/000002.SZ?modules=price,summaryDetail,defaultKeyStatistics,financialData,calendarEvents,earningsTrend,recommendationTrend,upgradeDowngradeHistory,esgScores,assetProfile"
000002.SZ,000002.SZ,balance_sheet,debtToEquity,126.866,2026-03-18,"https://query2.finance.yahoo.com/v10/finance/quoteSummary/000002.SZ?modules=price,summaryDetail,defaultKeyStatistics,financialData,calendarEvents,earningsTrend,recommendationTrend,upgradeDowngradeHistory,esgScores,assetProfile"
000002.SZ,000002.SZ,balance_sheet,currentRatio,1.306,2026-03-18,"https://query2.finance.yahoo.com/v10/finance/quoteSummary/000002.SZ?modules=price,summaryDetail,defaultKeyStatistics,financialData,calendarEvents,earningsTrend,recommendationTrend,upgradeDowngradeHistory,esgScores,assetProfile"
000002.SZ,000002.SZ,balance_sheet,bookValue,14.731,2026-03-18,"https://query2.finance.yahoo.com/v10/finance/quoteSummary/000002.SZ?modules=price,summaryDetail,defaultKeyStatistics,financialData,calendarEvents,earningsTrend,recommendationTrend,upgradeDowngradeHistory,esgScores,assetProfile"
000002.SZ,000002.SZ,income_cashflow,totalRevenue,284670033920,2026-03-18,"https://query2.finance.yahoo.com/v10/finance/quoteSummary/000002.SZ?modules=price,summaryDetail,defaultKeyStatistics,financialData,calendarEvents,earningsTrend,recommendationTrend,upgradeDowngradeHistory,esgScores,assetProfile"
000002.SZ,000002.SZ,income_cashflow,revenueGrowth,-0.273,2026-03-18,"https://query2.finance.yahoo.com/v10/finance/quoteSummary/000002.SZ?modules=price,summaryDetail,defaultKeyStatistics,financialData,calendarEvents,earningsTrend,recommendationTrend,upgradeDowngradeHistory,esgScores,assetProfile"
000002.SZ,000002.SZ,income_cashflow,netIncomeToCommon,-59550965760,2026-03-18,"https://query2.finance.yahoo.com/v10/finance/quoteSummary/000002.SZ?modules=price,summaryDetail,defaultKeyStatistics,financialData,calendarEvents,earningsTrend,recommendationTrend,upgradeDowngradeHistory,esgScores,assetProfile"
000002.SZ,000002.SZ,income_cashflow,ebitda,-13729780736,2026-03-18,"https://query2.finance.yahoo.com/v10/finance/quoteSummary/000002.SZ?modules=price,summaryDetail,defaultKeyStatistics,financialData,calendarEvents,earningsTrend,recommendationTrend,upgradeDowngradeHistory,esgScores,assetProfile"
000002.SZ,000002.SZ,income_cashflow,operatingCashflow,2758149632,2026-03-18,"https://query2.finance.yahoo.com/v10/finance/quoteSummary/000002.SZ?modules=price,summaryDetail,defaultKeyStatistics,financialData,calendarEvents,earningsTrend,recommendationTrend,upgradeDowngradeHistory,esgScores,assetProfile"
000002.SZ,000002.SZ,income_cashflow,freeCashflow,23454136320,2026-03-18,"https://query2.finance.yahoo.com/v10/finance/quoteSummary/000002.SZ?modules=price,summaryDetail,defaultKeyStatistics,financialData,calendarEvents,earningsTrend,recommendationTrend,upgradeDowngradeHistory,esgScores,assetProfile"
000002.SZ,000002.SZ,earnings,trailingEps,-5.01,2026-03-18,"https://query2.finance.yahoo.com/v10/finance/quoteSummary/000002.SZ?modules=price,summaryDetail,defaultKeyStatistics,financialData,calendarEvents,earningsTrend,recommendationTrend,upgradeDowngradeHistory,esgScores,assetProfile"
000002.SZ,000002.SZ,earnings,forwardEps,-1.79825,2026-03-18,"https://query2.finance.yahoo.com/v10/finance/quoteSummary/000002.SZ?modules=price,summaryDetail,defaultKeyStatistics,financialData,calendarEvents,earningsTrend,recommendationTrend,upgradeDowngradeHistory,esgScores,assetProfile"
000002.SZ,000002.SZ,dividends,payoutRatio,0.0,2026-03-18,"https://query2.finance.yahoo.com/v10/finance/quoteSummary/000002.SZ?modules=price,summaryDetail,defaultKeyStatistics,financialData,calendarEvents,earningsTrend,recommendationTrend,upgradeDowngradeHistory,esgScores,assetProfile"
000002.SZ,000002.SZ,dividends,exDividendDate,1692921600,2026-03-18,"https://query2.finance.yahoo.com/v10/finance/quoteSummary/000002.SZ?modules=price,summaryDetail,defaultKeyStatistics,financialData,calendarEvents,earningsTrend,recommendationTrend,upgradeDowngradeHistory,esgScores,assetProfile"
000002.SZ,000002.SZ,analyst,recommendationKey,none,2026-03-18,"https://query2.finance.yahoo.com/v10/finance/quoteSummary/000002.SZ?modules=price,summaryDetail,defaultKeyStatistics,financialData,calendarEvents,earningsTrend,recommendationTrend,upgradeDowngradeHistory,esgScores,assetProfile"
000002.SZ,000002.SZ,analyst,numberOfAnalystOpinions,12,2026-03-18,"https://query2.finance.yahoo.com/v10/finance/quoteSummary/000002.SZ?modules=price,summaryDetail,defaultKeyStatistics,financialData,calendarEvents,earningsTrend,recommendationTrend,upgradeDowngradeHistory,esgScores,assetProfile"
000002.SZ,000002.SZ,analyst,targetMeanPrice,5.2975,2026-03-18,"https://query2.finance.yahoo.com/v10/finance/quoteSummary/000002.SZ?modules=price,summaryDetail,defaultKeyStatistics,financialData,calendarEvents,earningsTrend,recommendationTrend,upgradeDowngradeHistory,esgScores,assetProfile"
000002.SZ,000002.SZ,analyst,targetHighPrice,11.5,2026-03-18,"https://query2.finance.yahoo.com/v10/finance/quoteSummary/000002.SZ?modules=price,summaryDetail,defaultKeyStatistics,financialData,calendarEvents,earningsTrend,recommendationTrend,upgradeDowngradeHistory,esgScores,assetProfile"
000002.SZ,000002.SZ,analyst,targetLowPrice,2.7,2026-03-18,"https://query2.finance.yahoo.com/v10/finance/quoteSummary/000002.SZ?modules=price,summaryDetail,defaultKeyStatistics,financialData,calendarEvents,earningsTrend,recommendationTrend,upgradeDowngradeHistory,esgScores,assetProfile"
000002.SZ,000002.SZ,additional,sector,Real Estate,2026-03-18,"https://query2.finance.yahoo.com/v10/finance/quoteSummary/000002.SZ?modules=price,summaryDetail,defaultKeyStatistics,financialData,calendarEvents,earningsTrend,recommendationTrend,upgradeDowngradeHistory,esgScores,assetProfile"
000002.SZ,000002.SZ,additional,industry,Real Estate - Development,2026-03-18,"https://query2.finance.yahoo.com/v10/finance/quoteSummary/000002.SZ?modules=price,summaryDetail,defaultKeyStatistics,financialData,calendarEvents,earningsTrend,recommendationTrend,upgradeDowngradeHistory,esgScores,assetProfile"
000006.SZ,000006.SZ,price_trading,currentPrice,9.07,2026-03-18,"https://query2.finance.yahoo.com/v10/finance/quoteSummary/000006.SZ?modules=price,summaryDetail,defaultKeyStatistics,financialData,calendarEvents,earningsTrend,recommendationTrend,upgradeDowngradeHistory,esgScores,assetProfile"
000006.SZ,000006.SZ,price_trading,open,9.03,2026-03-18,"https://query2.finance.yahoo.com/v10/finance/quoteSummary/000006.SZ?modules=price,summaryDetail,defaultKeyStatistics,financialData,calendarEvents,earningsTrend,recommendationTrend,upgradeDowngradeHistory,esgScores,assetProfile"
000006.SZ,000006.SZ,price_trading,previousClose,9.05,2026-03-18,"https://query2.finance.yahoo.com/v10/finance/quoteSummary/000006.SZ?modules=price,summaryDetail,defaultKeyStatistics,financialData,calendarEvents,earningsTrend,recommendationTrend,upgradeDowngradeHistory,esgScores,assetProfile"
000006.SZ,000006.SZ,price_trading,dayLow,9.0,2026-03-18,"https://query2.finance.yahoo.com/v10/finance/quoteSummary/000006.SZ?modules=price,summaryDetail,defaultKeyStatistics,financialData,calendarEvents,earningsTrend,recommendationTrend,upgradeDowngradeHistory,esgScores,assetProfile"
000006.SZ,000006.SZ,price_trading,dayHigh,9.21,2026-03-18,"https://query2.finance.yahoo.com/v10/finance/quoteSummary/000006.SZ?modules=price,summaryDetail,defaultKeyStatistics,financialData,calendarEvents,earningsTrend,recommendationTrend,upgradeDowngradeHistory,esgScores,assetProfile"
000006.SZ,000006.SZ,price_trading,fiftyTwoWeekLow,5.15,2026-03-18,"https://query2.finance.yahoo.com/v10/finance/quoteSummary/000006.SZ?modules=price,summaryDetail,defaultKeyStatistics,financialData,calendarEvents,earningsTrend,recommendationTrend,upgradeDowngradeHistory,esgScores,assetProfile"
000006.SZ,000006.SZ,price_trading,fiftyTwoWeekHigh,15.5,2026-03-18,"https://query2.finance.yahoo.com/v10/finance/quoteSummary/000006.SZ?modules=price,summaryDetail,defaultKeyStatistics,financialData,calendarEvents,earningsTrend,recommendationTrend,upgradeDowngradeHistory,esgScores,assetProfile"
000006.SZ,000006.SZ,price_trading,volume,8892227,2026-03-18,"https://query2.finance.yahoo.com/v10/finance/quoteSummary/000006.SZ?modules=price,summaryDetail,defaultKeyStatistics,financialData,calendarEvents,earningsTrend,recommendationTrend,upgradeDowngradeHistory,esgScores,assetProfile"
000006.SZ,000006.SZ,price_trading,averageVolume,32330072,2026-03-18,"https://query2.finance.yahoo.com/v10/finance/quoteSummary/000006.SZ?modules=price,summaryDetail,defaultKeyStatistics,financialData,calendarEvents,earningsTrend,recommendationTrend,upgradeDowngradeHistory,esgScores,assetProfile"
000006.SZ,000006.SZ,price_trading,marketCap,12244454400,2026-03-18,"https://query2.finance.yahoo.com/v10/finance/quoteSummary/000006.SZ?modules=price,summaryDetail,defaultKeyStatistics,financialData,calendarEvents,earningsTrend,recommendationTrend,upgradeDowngradeHistory,esgScores,assetProfile"
000006.SZ,000006.SZ,price_trading,beta,1.095,2026-03-18,"https://query2.finance.yahoo.com/v10/finance/quoteSummary/000006.SZ?modules=price,summaryDetail,defaultKeyStatistics,financialData,calendarEvents,earningsTrend,recommendationTrend,upgradeDowngradeHistory,esgScores,assetProfile"
000006.SZ,000006.SZ,valuation,forwardPE,9.967032,2026-03-18,"https://query2.finance.yahoo.com/v10/finance/quoteSummary/000006.SZ?modules=price,summaryDetail,defaultKeyStatistics,financialData,calendarEvents,earningsTrend,recommendationTrend,upgradeDowngradeHistory,esgScores,assetProfile"
000006.SZ,000006.SZ,valuation,priceToBook,2.2686343,2026-03-18,"https://query2.finance.yahoo.com/v10/finance/quoteSummary/000006.SZ?modules=price,summaryDetail,defaultKeyStatistics,financialData,calendarEvents,earningsTrend,recommendationTrend,upgradeDowngradeHistory,esgScores,assetProfile"
000006.SZ,000006.SZ,valuation,priceToSalesTrailing12Months,3.557582,2026-03-18,"https://query2.finance.yahoo.com/v10/finance/quoteSummary/000006.SZ?modules=price,summaryDetail,defaultKeyStatistics,financialData,calendarEvents,earningsTrend,recommendationTrend,upgradeDowngradeHistory,esgScores,assetProfile"
000006.SZ,000006.SZ,valuation,enterpriseValue,14794469376,2026-03-18,"https://query2.finance.yahoo.com/v10/finance/quoteSummary/000006.SZ?modules=price,summaryDetail,defaultKeyStatistics,financialData,calendarEvents,earningsTrend,recommendationTrend,upgradeDowngradeHistory,esgScores,assetProfile"
000006.SZ,000006.SZ,valuation,enterpriseToEbitda,-10.612,2026-03-18,"https://query2.finance.yahoo.com/v10/finance/quoteSummary/000006.SZ?modules=price,summaryDetail,defaultKeyStatistics,financialData,calendarEvents,earningsTrend,recommendationTrend,upgradeDowngradeHistory,esgScores,assetProfile"
000006.SZ,000006.SZ,valuation,enterpriseToRevenue,4.298,2026-03-18,"https://query2.finance.yahoo.com/v10/finance/quoteSummary/000006.SZ?modules=price,summaryDetail,defaultKeyStatistics,financialData,calendarEvents,earningsTrend,recommendationTrend,upgradeDowngradeHistory,esgScores,assetProfile"
000006.SZ,000006.SZ,profitability,grossProfits,-1044153216,2026-03-18,"https://query2.finance.yahoo.com/v10/finance/quoteSummary/000006.SZ?modules=price,summaryDetail,defaultKeyStatistics,financialData,calendarEvents,earningsTrend,recommendationTrend,upgradeDowngradeHistory,esgScores,assetProfile"
000006.SZ,000006.SZ,profitability,operatingMargins,0.77242,2026-03-18,"https://query2.finance.yahoo.com/v10/finance/quoteSummary/000006.SZ?modules=price,summaryDetail,defaultKeyStatistics,financialData,calendarEvents,earningsTrend,recommendationTrend,upgradeDowngradeHistory,esgScores,assetProfile"
000006.SZ,000006.SZ,profitability,profitMargins,-0.3056,2026-03-18,"https://query2.finance.yahoo.com/v10/finance/quoteSummary/000006.SZ?modules=price,summaryDetail,defaultKeyStatistics,financialData,calendarEvents,earningsTrend,recommendationTrend,upgradeDowngradeHistory,esgScores,assetProfile"
000006.SZ,000006.SZ,profitability,returnOnAssets,-0.0471,2026-03-18,"https://query2.finance.yahoo.com/v10/finance/quoteSummary/000006.SZ?modules=price,summaryDetail,defaultKeyStatistics,financialData,calendarEvents,earningsTrend,recommendationTrend,upgradeDowngradeHistory,esgScores,assetProfile"
000006.SZ,000006.SZ,profitability,returnOnEquity,-0.17099,2026-03-18,"https://query2.finance.yahoo.com/v10/finance/quoteSummary/000006.SZ?modules=price,summaryDetail,defaultKeyStatistics,financialData,calendarEvents,earningsTrend,recommendationTrend,upgradeDowngradeHistory,esgScores,assetProfile"
000006.SZ,000006.SZ,balance_sheet,totalCash,2904625920,2026-03-18,"https://query2.finance.yahoo.com/v10/finance/quoteSummary/000006.SZ?modules=price,summaryDetail,defaultKeyStatistics,financialData,calendarEvents,earningsTrend,recommendationTrend,upgradeDowngradeHistory,esgScores,assetProfile"
000006.SZ,000006.SZ,balance_sheet,totalDebt,4699108352,2026-03-18,"https://query2.finance.yahoo.com/v10/finance/quoteSummary/000006.SZ?modules=price,summaryDetail,defaultKeyStatistics,financialData,calendarEvents,earningsTrend,recommendationTrend,upgradeDowngradeHistory,esgScores,assetProfile"
000006.SZ,000006.SZ,balance_sheet,debtToEquity,76.046,2026-03-18,"https://query2.finance.yahoo.com/v10/finance/quoteSummary/000006.SZ?modules=price,summaryDetail,defaultKeyStatistics,financialData,calendarEvents,earningsTrend,recommendationTrend,upgradeDowngradeHistory,esgScores,assetProfile"
000006.SZ,000006.SZ,balance_sheet,currentRatio,1.78,2026-03-18,"https://query2.finance.yahoo.com/v10/finance/quoteSummary/000006.SZ?modules=price,summaryDetail,defaultKeyStatistics,financialData,calendarEvents,earningsTrend,recommendationTrend,upgradeDowngradeHistory,esgScores,assetProfile"
000006.SZ,000006.SZ,balance_sheet,bookValue,3.998,2026-03-18,"https://query2.finance.yahoo.com/v10/finance/quoteSummary/000006.SZ?modules=price,summaryDetail,defaultKeyStatistics,financialData,calendarEvents,earningsTrend,recommendationTrend,upgradeDowngradeHistory,esgScores,assetProfile"
000006.SZ,000006.SZ,income_cashflow,totalRevenue,3441791232,2026-03-18,"https://query2.finance.yahoo.com/v10/finance/quoteSummary/000006.SZ?modules=price,summaryDetail,defaultKeyStatistics,financialData,calendarEvents,earningsTrend,recommendationTrend,upgradeDowngradeHistory,esgScores,assetProfile"
000006.SZ,000006.SZ,income_cashflow,revenueGrowth,-0.798,2026-03-18,"https://query2.finance.yahoo.com/v10/finance/quoteSummary/000006.SZ?modules=price,summaryDetail,defaultKeyStatistics,financialData,calendarEvents,earningsTrend,recommendationTrend,upgradeDowngradeHistory,esgScores,assetProfile"
000006.SZ,000006.SZ,income_cashflow,netIncomeToCommon,-1051824896,2026-03-18,"https://query2.finance.yahoo.com/v10/finance/quoteSummary/000006.SZ?modules=price,summaryDetail,defaultKeyStatistics,financialData,calendarEvents,earningsTrend,recommendationTrend,upgradeDowngradeHistory,esgScores,assetProfile"
000006.SZ,000006.SZ,income_cashflow,ebitda,-1394116096,2026-03-18,"https://query2.finance.yahoo.com/v10/finance/quoteSummary/000006.SZ?modules=price,summaryDetail,defaultKeyStatistics,financialData,calendarEvents,earningsTrend,recommendationTrend,upgradeDowngradeHistory,esgScores,assetProfile"
000006.SZ,000006.SZ,income_cashflow,operatingCashflow,1508153856,2026-03-18,"https://query2.finance.yahoo.com/v10/finance/quoteSummary/000006.SZ?modules=price,summaryDetail,defaultKeyStatistics,financialData,calendarEvents,earningsTrend,recommendationTrend,upgradeDowngradeHistory,esgScores,assetProfile"
000006.SZ,000006.SZ,income_cashflow,freeCashflow,-92497664,2026-03-18,"https://query2.finance.yahoo.com/v10/finance/quoteSummary/000006.SZ?modules=price,summaryDetail,defaultKeyStatistics,financialData,calendarEvents,earningsTrend,recommendationTrend,upgradeDowngradeHistory,esgScores,assetProfile"
000006.SZ,000006.SZ,earnings,trailingEps,-0.78,2026-03-18,"https://query2.finance.yahoo.com/v10/finance/quoteSummary/000006.SZ?modules=price,summaryDetail,defaultKeyStatistics,financialData,calendarEvents,earningsTrend,recommendationTrend,upgradeDowngradeHistory,esgScores,assetProfile"
000006.SZ,000006.SZ,earnings,forwardEps,0.91,2026-03-18,"https://query2.finance.yahoo.com/v10/finance/quoteSummary/000006.SZ?modules=price,summaryDetail,defaultKeyStatistics,financialData,calendarEvents,earningsTrend,recommendationTrend,upgradeDowngradeHistory,esgScores,assetProfile"
000006.SZ,000006.SZ,dividends,payoutRatio,0.0,2026-03-18,"https://query2.finance.yahoo.com/v10/finance/quoteSummary/000006.SZ?modules=price,summaryDetail,defaultKeyStatistics,financialData,calendarEvents,earningsTrend,recommendationTrend,upgradeDowngradeHistory,esgScores,assetProfile"
000006.SZ,000006.SZ,dividends,exDividendDate,1687910400,2026-03-18,"https://query2.finance.yahoo.com/v10/finance/quoteSummary/000006.SZ?modules=price,summaryDetail,defaultKeyStatistics,financialData,calendarEvents,earningsTrend,recommendationTrend,upgradeDowngradeHistory,esgScores,assetProfile"
000006.SZ,000006.SZ,analyst,recommendationKey,none,2026-03-18,"https://query2.finance.yahoo.com/v10/finance/quoteSummary/000006.SZ?modules=price,summaryDetail,defaultKeyStatistics,financialData,calendarEvents,earningsTrend,recommendationTrend,upgradeDowngradeHistory,esgScores,assetProfile"
000006.SZ,000006.SZ,additional,sector,Real Estate,2026-03-18,"https://query2.finance.yahoo.com/v10/finance/quoteSummary/000006.SZ?modules=price,summaryDetail,defaultKeyStatistics,financialData,calendarEvents,earningsTrend,recommendationTrend,upgradeDowngradeHistory,esgScores,assetProfile"
000006.SZ,000006.SZ,additional,industry,Real Estate - Development,2026-03-18,"https://query2.finance.yahoo.com/v10/finance/quoteSummary/000006.SZ?modules=price,summaryDetail,defaultKeyStatistics,financialData,calendarEvents,earningsTrend,recommendationTrend,upgradeDowngradeHistory,esgScores,assetProfile"
^ACWI,^ACWI,price_trading,currentPrice,141.8504,2026-03-18,"https://query2.finance.yahoo.com/v10/finance/quoteSummary/%5EACWI?modules=price,summaryDetail,defaultKeyStatistics,financialData,calendarEvents,earningsTrend,recommendationTrend,upgradeDowngradeHistory,esgScores,assetProfile"
^ACWI,^ACWI,price_trading,open,142.0122,2026-03-18,"https://query2.finance.yahoo.com/v10/finance/quoteSummary/%5EACWI?modules=price,summaryDetail,defaultKeyStatistics,financialData,calendarEvents,earningsTrend,recommendationTrend,upgradeDowngradeHistory,esgScores,assetProfile"
^ACWI,^ACWI,price_trading,previousClose,141.3656,2026-03-18,"https://query2.finance.yahoo.com/v10/finance/quoteSummary/%5EACWI?modules=price,summaryDetail,defaultKeyStatistics,financialData,calendarEvents,earningsTrend,recommendationTrend,upgradeDowngradeHistory,esgScores,assetProfile"
^ACWI,^ACWI,price_trading,dayLow,141.6931,2026-03-18,"https://query2.finance.yahoo.com/v10/finance/quoteSummary/%5EACWI?modules=price,summaryDetail,defaultKeyStatistics,financialData,calendarEvents,earningsTrend,recommendationTrend,upgradeDowngradeHistory,esgScores,assetProfile"
^ACWI,^ACWI,price_trading,dayHigh,142.5942,2026-03-18,"https://query2.finance.yahoo.com/v10/finance/quoteSummary/%5EACWI?modules=price,summaryDetail,defaultKeyStatistics,financialData,calendarEvents,earningsTrend,recommendationTrend,upgradeDowngradeHistory,esgScores,assetProfile"
^ACWI,^ACWI,price_trading,fiftyTwoWeekLow,141.6931,2026-03-18,"https://query2.finance.yahoo.com/v10/finance/quoteSummary/%5EACWI?modules=price,summaryDetail,defaultKeyStatistics,financialData,calendarEvents,earningsTrend,recommendationTrend,upgradeDowngradeHistory,esgScores,assetProfile"
^ACWI,^ACWI,price_trading,fiftyTwoWeekHigh,142.5942,2026-03-18,"https://query2.finance.yahoo.com/v10/finance/quoteSummary/%5EACWI?modules=price,summaryDetail,defaultKeyStatistics,financialData,calendarEvents,earningsTrend,recommendationTrend,upgradeDowngradeHistory,esgScores,assetProfile"
^ACWI,^ACWI,price_trading,volume,0,2026-03-18,"https://query2.finance.yahoo.com/v10/finance/quoteSummary/%5EACWI?modules=price,summaryDetail,defaultKeyStatistics,financialData,calendarEvents,earningsTrend,recommendationTrend,upgradeDowngradeHistory,esgScores,assetProfile"
^ADFI-IV,^ADFI-IV,price_trading,currentPrice,8.5504,2026-03-18,"https://query2.finance.yahoo.com/v10/finance/quoteSummary/%5EADFI-IV?modules=price,summaryDetail,defaultKeyStatistics,financialData,calendarEvents,earningsTrend,recommendationTrend,upgradeDowngradeHistory,esgScores,assetProfile"
^ADFI-IV,^ADFI-IV,price_trading,open,0.0,2026-03-18,"https://query2.finance.yahoo.com/v10/finance/quoteSummary/%5EADFI-IV?modules=price,summaryDetail,defaultKeyStatistics,financialData,calendarEvents,earningsTrend,recommendationTrend,upgradeDowngradeHistory,esgScores,assetProfile"
^ADFI-IV,^ADFI-IV,price_trading,previousClose,8.5289,2026-03-18,"https://query2.finance.yahoo.com/v10/finance/quoteSummary/%5EADFI-IV?modules=price,summaryDetail,defaultKeyStatistics,financialData,calendarEvents,earningsTrend,recommendationTrend,upgradeDowngradeHistory,esgScores,assetProfile"
^ADFI-IV,^ADFI-IV,price_trading,dayLow,8.5308,2026-03-18,"https://query2.finance.yahoo.com/v10/finance/quoteSummary/%5EADFI-IV?modules=price,summaryDetail,defaultKeyStatistics,financialData,calendarEvents,earningsTrend,recommendationTrend,upgradeDowngradeHistory,esgScores,assetProfile"
^ADFI-IV,^ADFI-IV,price_trading,dayHigh,8.5533,2026-03-18,"https://query2.finance.yahoo.com/v10/finance/quoteSummary/%5EADFI-IV?modules=price,summaryDetail,defaultKeyStatistics,financialData,calendarEvents,earningsTrend,recommendationTrend,upgradeDowngradeHistory,esgScores,assetProfile"
^ADFI-IV,^ADFI-IV,price_trading,fiftyTwoWeekLow,8.5308,2026-03-18,"https://query2.finance.yahoo.com/v10/finance/quoteSummary/%5EADFI-IV?modules=price,summaryDetail,defaultKeyStatistics,financialData,calendarEvents,earningsTrend,recommendationTrend,upgradeDowngradeHistory,esgScores,assetProfile"
^ADFI-IV,^ADFI-IV,price_trading,fiftyTwoWeekHigh,8.5533,2026-03-18,"https://query2.finance.yahoo.com/v10/finance/quoteSummary/%5EADFI-IV?modules=price,summaryDetail,defaultKeyStatistics,financialData,calendarEvents,earningsTrend,recommendationTrend,upgradeDowngradeHistory,esgScores,assetProfile"
^ADFI-IV,^ADFI-IV,price_trading,volume,0,2026-03-18,"https://query2.finance.yahoo.com/v10/finance/quoteSummary/%5EADFI-IV?modules=price,summaryDetail,defaultKeyStatistics,financialData,calendarEvents,earningsTrend,recommendationTrend,upgradeDowngradeHistory,esgScores,assetProfile"
0GKA.SG,0GKA.SG,price_trading,currentPrice,4311.04,2026-03-18,"https://query2.finance.yahoo.com/v10/finance/quoteSummary/0GKA.SG?modules=price,summaryDetail,defaultKeyStatistics,financialData,calendarEvents,earningsTrend,recommendationTrend,upgradeDowngradeHistory,esgScores,assetProfile"
0LND.SG,0LND.SG,price_trading,currentPrice,168.8,2026-03-18,"https://query2.finance.yahoo.com/v10/finance/quoteSummary/0LND.SG?modules=price,summaryDetail,defaultKeyStatistics,financialData,calendarEvents,earningsTrend,recommendationTrend,upgradeDowngradeHistory,esgScores,assetProfile"
000008.SS,000008.SS,price_trading,currentPrice,3496.1433,2026-03-18,"https://query2.finance.yahoo.com/v10/finance/quoteSummary/000008.SS?modules=price,summaryDetail,defaultKeyStatistics,financialData,calendarEvents,earningsTrend,recommendationTrend,upgradeDowngradeHistory,esgScores,assetProfile"
000008.SS,000008.SS,price_trading,open,3483.604,2026-03-18,"https://query2.finance.yahoo.com/v10/finance/quoteSummary/000008.SS?modules=price,summaryDetail,defaultKeyStatistics,financialData,calendarEvents,earningsTrend,recommendationTrend,upgradeDowngradeHistory,esgScores,assetProfile"
000008.SS,000008.SS,price_trading,previousClose,3483.5051,2026-03-18,"https://query2.finance.yahoo.com/v10/finance/quoteSummary/000008.SS?modules=price,summaryDetail,defaultKeyStatistics,financialData,calendarEvents,earningsTrend,recommendationTrend,upgradeDowngradeHistory,esgScores,assetProfile"
000008.SS,000008.SS,price_trading,dayLow,3472.9612,2026-03-18,"https://query2.finance.yahoo.com/v10/finance/quoteSummary/000008.SS?modules=price,summaryDetail,defaultKeyStatistics,financialData,calendarEvents,earningsTrend,recommendationTrend,upgradeDowngradeHistory,esgScores,assetProfile"
000008.SS,000008.SS,price_trading,dayHigh,3497.1357,2026-03-18,"https://query2.finance.yahoo.com/v10/finance/quoteSummary/000008.SS?modules=price,summaryDetail,defaultKeyStatistics,financialData,calendarEvents,earningsTrend,recommendationTrend,upgradeDowngradeHistory,esgScores,assetProfile"
000008.SS,000008.SS,price_trading,fiftyTwoWeekLow,2666.25,2026-03-18,"https://query2.finance.yahoo.com/v10/finance/quoteSummary/000008.SS?modules=price,summaryDetail,defaultKeyStatistics,financialData,calendarEvents,earningsTrend,recommendationTrend,upgradeDowngradeHistory,esgScores,assetProfile"
000008.SS,000008.SS,price_trading,fiftyTwoWeekHigh,3497.1357,2026-03-18,"https://query2.finance.yahoo.com/v10/finance/quoteSummary/000008.SS?modules=price,summaryDetail,defaultKeyStatistics,financialData,calendarEvents,earningsTrend,recommendationTrend,upgradeDowngradeHistory,esgScores,assetProfile"
000008.SS,000008.SS,price_trading,volume,2626986804,2026-03-18,"https://query2.finance.yahoo.com/v10/finance/quoteSummary/000008.SS?modules=price,summaryDetail,defaultKeyStatistics,financialData,calendarEvents,earningsTrend,recommendationTrend,upgradeDowngradeHistory,esgScores,assetProfile"
000008.SS,000008.SS,price_trading,averageVolume,0,2026-03-18,"https://query2.finance.yahoo.com/v10/finance/quoteSummary/000008.SS?modules=price,summaryDetail,defaultKeyStatistics,financialData,calendarEvents,earningsTrend,recommendationTrend,upgradeDowngradeHistory,esgScores,assetProfile"
000019.SS,000019.SS,price_trading,currentPrice,1249.1771,2026-03-18,"https://query2.finance.yahoo.com/v10/finance/quoteSummary/000019.SS?modules=price,summaryDetail,defaultKeyStatistics,financialData,calendarEvents,earningsTrend,recommendationTrend,upgradeDowngradeHistory,esgScores,assetProfile"
000019.SS,000019.SS,price_trading,open,1255.0104,2026-03-18,"https://query2.finance.yahoo.com/v10/finance/quoteSummary/000019.SS?modules=price,summaryDetail,defaultKeyStatistics,financialData,calendarEvents,earningsTrend,recommendationTrend,upgradeDowngradeHistory,esgScores,assetProfile"
000019.SS,000019.SS,price_trading,previousClose,1254.4684,2026-03-18,"https://query2.finance.yahoo.com/v10/finance/quoteSummary/000019.SS?modules=price,summaryDetail,defaultKeyStatistics,financialData,calendarEvents,earningsTrend,recommendationTrend,upgradeDowngradeHistory,esgScores,assetProfile"
000019.SS,000019.SS,price_trading,dayLow,1248.658,2026-03-18,"https://query2.finance.yahoo.com/v10/finance/quoteSummary/000019.SS?modules=price,summaryDetail,defaultKeyStatistics,financialData,calendarEvents,earningsTrend,recommendationTrend,upgradeDowngradeHistory,esgScores,assetProfile"
000019.SS,000019.SS,price_trading,dayHigh,1255.8853,2026-03-18,"https://query2.finance.yahoo.com/v10/finance/quoteSummary/000019.SS?modules=price,summaryDetail,defaultKeyStatistics,financialData,calendarEvents,earningsTrend,recommendationTrend,upgradeDowngradeHistory,esgScores,assetProfile"
000019.SS,000019.SS,price_trading,fiftyTwoWeekLow,1248.658,2026-03-18,"https://query2.finance.yahoo.com/v10/finance/quoteSummary/000019.SS?modules=price,summaryDetail,defaultKeyStatistics,financialData,calendarEvents,earningsTrend,recommendationTrend,upgradeDowngradeHistory,esgScores,assetProfile"
000019.SS,000019.SS,price_trading,fiftyTwoWeekHigh,1255.8853,2026-03-18,"https://query2.finance.yahoo.com/v10/finance/quoteSummary/000019.SS?modules=price,summaryDetail,defaultKeyStatistics,financialData,calendarEvents,earningsTrend,recommendationTrend,upgradeDowngradeHistory,esgScores,assetProfile"
000019.SS,000019.SS,price_trading,volume,933644504,2026-03-18,"https://query2.finance.yahoo.com/v10/finance/quoteSummary/000019.SS?modules=price,summaryDetail,defaultKeyStatistics,financialData,calendarEvents,earningsTrend,recommendationTrend,upgradeDowngradeHistory,esgScores,assetProfile"
AABXX,AABXX,price_trading,currentPrice,1.0,2026-03-18,"https://query2.finance.yahoo.com/v10/finance/quoteSummary/AABXX?modules=price,summaryDetail,defaultKeyStatistics,financialData,calendarEvents,earningsTrend,recommendationTrend,upgradeDowngradeHistory,esgScores,assetProfile"
AABXX,AABXX,price_trading,fiftyTwoWeekLow,1.0,2026-03-18,"https://query2.finance.yahoo.com/v10/finance/quoteSummary/AABXX?modules=price,summaryDetail,defaultKeyStatistics,financialData,calendarEvents,earningsTrend,recommendationTrend,upgradeDowngradeHistory,esgScores,assetProfile"
AABXX,AABXX,price_trading,fiftyTwoWeekHigh,1.0,2026-03-18,"https://query2.finance.yahoo.com/v10/finance/quoteSummary/AABXX?modules=price,summaryDetail,defaultKeyStatistics,financialData,calendarEvents,earningsTrend,recommendationTrend,upgradeDowngradeHistory,esgScores,assetProfile"
AAFXX,AAFXX,price_trading,currentPrice,1.0,2026-03-18,"https://query2.finance.yahoo.com/v10/finance/quoteSummary/AAFXX?modules=price,summaryDetail,defaultKeyStatistics,financialData,calendarEvents,earningsTrend,recommendationTrend,upgradeDowngradeHistory,esgScores,assetProfile"
^IXIC,^IXIC,price_trading,currentPrice,22479.527,2026-03-18,"https://query2.finance.yahoo.com/v10/finance/quoteSummary/%5EIXIC?modules=price,summaryDetail,defaultKeyStatistics,financialData,calendarEvents,earningsTrend,recommendationTrend,upgradeDowngradeHistory,esgScores,assetProfile"
^IXIC,^IXIC,price_trading,open,22458.031,2026-03-18,"https://query2.finance.yahoo.com/v10/finance/quoteSummary/%5EIXIC?modules=price,summaryDetail,defaultKeyStatistics,financialData,calendarEvents,earningsTrend,recommendationTrend,upgradeDowngradeHistory,esgScores,assetProfile"
^IXIC,^IXIC,price_trading,previousClose,22374.178,2026-03-18,"https://query2.finance.yahoo.com/v10/finance/quoteSummary/%5EIXIC?modules=price,summaryDetail,defaultKeyStatistics,financialData,calendarEvents,earningsTrend,recommendationTrend,upgradeDowngradeHistory,esgScores,assetProfile"
^IXIC,^IXIC,price_trading,dayLow,22409.074,2026-03-18,"https://query2.finance.yahoo.com/v10/finance/quoteSummary/%5EIXIC?modules=price,summaryDetail,defaultKeyStatistics,financialData,calendarEvents,earningsTrend,recommendationTrend,upgradeDowngradeHistory,esgScores,assetProfile"
^IXIC,^IXIC,price_trading,dayHigh,22569.64,2026-03-18,"https://query2.finance.yahoo.com/v10/finance/quoteSummary/%5EIXIC?modules=price,summaryDetail,defaultKeyStatistics,financialData,calendarEvents,earningsTrend,recommendationTrend,upgradeDowngradeHistory,esgScores,assetProfile"
^IXIC,^IXIC,price_trading,fiftyTwoWeekLow,14784.03,2026-03-18,"https://query2.finance.yahoo.com/v10/finance/quoteSummary/%5EIXIC?modules=price,summaryDetail,defaultKeyStatistics,financialData,calendarEvents,earningsTrend,recommendationTrend,upgradeDowngradeHistory,esgScores,assetProfile"
^IXIC,^IXIC,price_trading,fiftyTwoWeekHigh,24019.99,2026-03-18,"https://query2.finance.yahoo.com/v10/finance/quoteSummary/%5EIXIC?modules=price,summaryDetail,defaultKeyStatistics,financialData,calendarEvents,earningsTrend,recommendationTrend,upgradeDowngradeHistory,esgScores,assetProfile"
^IXIC,^IXIC,price_trading,volume,7271758000,2026-03-18,"https://query2.finance.yahoo.com/v10/finance/quoteSummary/%5EIXIC?modules=price,summaryDetail,defaultKeyStatistics,financialData,calendarEvents,earningsTrend,recommendationTrend,upgradeDowngradeHistory,esgScores,assetProfile"
^IXIC,^IXIC,price_trading,averageVolume,8615095762,2026-03-18,"https://query2.finance.yahoo.com/v10/finance/quoteSummary/%5EIXIC?modules=price,summaryDetail,defaultKeyStatistics,financialData,calendarEvents,earningsTrend,recommendationTrend,upgradeDowngradeHistory,esgScores,assetProfile"
^HUI,^HUI,price_trading,currentPrice,804.99,2026-03-18,"https://query2.finance.yahoo.com/v10/finance/quoteSummary/%5EHUI?modules=price,summaryDetail,defaultKeyStatistics,financialData,calendarEvents,earningsTrend,recommendationTrend,upgradeDowngradeHistory,esgScores,assetProfile"
^HUI,^HUI,price_trading,open,0.0,2026-03-18,"https://query2.finance.yahoo.com/v10/finance/quoteSummary/%5EHUI?modules=price,summaryDetail,defaultKeyStatistics,financialData,calendarEvents,earningsTrend,recommendationTrend,upgradeDowngradeHistory,esgScores,assetProfile"
^HUI,^HUI,price_trading,previousClose,800.86,2026-03-18,"https://query2.finance.yahoo.com/v10/finance/quoteSummary/%5EHUI?modules=price,summaryDetail,defaultKeyStatistics,financialData,calendarEvents,earningsTrend,recommendationTrend,upgradeDowngradeHistory,esgScores,assetProfile"
^HUI,^HUI,price_trading,dayLow,0.0,2026-03-18,"https://query2.finance.yahoo.com/v10/finance/quoteSummary/%5EHUI?modules=price,summaryDetail,defaultKeyStatistics,financialData,calendarEvents,earningsTrend,recommendationTrend,upgradeDowngradeHistory,esgScores,assetProfile"
^HUI,^HUI,price_trading,dayHigh,0.0,2026-03-18,"https://query2.finance.yahoo.com/v10/finance/quoteSummary/%5EHUI?modules=price,summaryDetail,defaultKeyStatistics,financialData,calendarEvents,earningsTrend,recommendationTrend,upgradeDowngradeHistory,esgScores,assetProfile"
^HUI,^HUI,price_trading,fiftyTwoWeekLow,0.0,2026-03-18,"https://query2.finance.yahoo.com/v10/finance/quoteSummary/%5EHUI?modules=price,summaryDetail,defaultKeyStatistics,financialData,calendarEvents,earningsTrend,recommendationTrend,upgradeDowngradeHistory,esgScores,assetProfile"
^HUI,^HUI,price_trading,fiftyTwoWeekHigh,986.06,2026-03-18,"https://query2.finance.yahoo.com/v10/finance/quoteSummary/%5EHUI?modules=price,summaryDetail,defaultKeyStatistics,financialData,calendarEvents,earningsTrend,recommendationTrend,upgradeDowngradeHistory,esgScores,assetProfile"
^HUI,^HUI,price_trading,volume,0,2026-03-18,"https://query2.finance.yahoo.com/v10/finance/quoteSummary/%5EHUI?modules=price,summaryDetail,defaultKeyStatistics,financialData,calendarEvents,earningsTrend,recommendationTrend,upgradeDowngradeHistory,esgScores,assetProfile"
^HUI,^HUI,price_trading,averageVolume,0,2026-03-18,"https://query2.finance.yahoo.com/v10/finance/quoteSummary/%5EHUI?modules=price,summaryDetail,defaultKeyStatistics,financialData,calendarEvents,earningsTrend,recommendationTrend,upgradeDowngradeHistory,esgScores,assetProfile"
^HGX,^HGX,price_trading,currentPrice,644.3083,2026-03-18,"https://query2.finance.yahoo.com/v10/finance/quoteSummary/%5EHGX?modules=price,summaryDetail,defaultKeyStatistics,financialData,calendarEvents,earningsTrend,recommendationTrend,upgradeDowngradeHistory,esgScores,assetProfile"
^HGX,^HGX,price_trading,open,645.3479,2026-03-18,"https://query2.finance.yahoo.com/v10/finance/quoteSummary/%5EHGX?modules=price,summaryDetail,defaultKeyStatistics,financialData,calendarEvents,earningsTrend,recommendationTrend,upgradeDowngradeHistory,esgScores,assetProfile"
^HGX,^HGX,price_trading,previousClose,641.5951,2026-03-18,"https://query2.finance.yahoo.com/v10/finance/quoteSummary/%5EHGX?modules=price,summaryDetail,defaultKeyStatistics,financialData,calendarEvents,earningsTrend,recommendationTrend,upgradeDowngradeHistory,esgScores,assetProfile"
^HGX,^HGX,price_trading,dayLow,640.4809,2026-03-18,"https://query2.finance.yahoo.com/v10/finance/quoteSummary/%5EHGX?modules=price,summaryDetail,defaultKeyStatistics,financialData,calendarEvents,earningsTrend,recommendationTrend,upgradeDowngradeHistory,esgScores,assetProfile"
^HGX,^HGX,price_trading,dayHigh,647.7716,2026-03-18,"https://query2.finance.yahoo.com/v10/finance/quoteSummary/%5EHGX?modules=price,summaryDetail,defaultKeyStatistics,financialData,calendarEvents,earningsTrend,recommendationTrend,upgradeDowngradeHistory,esgScores,assetProfile"
^HGX,^HGX,price_trading,fiftyTwoWeekLow,560.04,2026-03-18,"https://query2.finance.yahoo.com/v10/finance/quoteSummary/%5EHGX?modules=price,summaryDetail,defaultKeyStatistics,financialData,calendarEvents,earningsTrend,recommendationTrend,upgradeDowngradeHistory,esgScores,assetProfile"
^HGX,^HGX,price_trading,fiftyTwoWeekHigh,782.9,2026-03-18,"https://query2.finance.yahoo.com/v10/finance/quoteSummary/%5EHGX?modules=price,summaryDetail,defaultKeyStatistics,financialData,calendarEvents,earningsTrend,recommendationTrend,upgradeDowngradeHistory,esgScores,assetProfile"
^HGX,^HGX,price_trading,volume,0,2026-03-18,"https://query2.finance.yahoo.com/v10/finance/quoteSummary/%5EHGX?modules=price,summaryDetail,defaultKeyStatistics,financialData,calendarEvents,earningsTrend,recommendationTrend,upgradeDowngradeHistory,esgScores,assetProfile"
^HGX,^HGX,price_trading,averageVolume,0,2026-03-18,"https://query2.finance.yahoo.com/v10/finance/quoteSummary/%5EHGX?modules=price,summaryDetail,defaultKeyStatistics,financialData,calendarEvents,earningsTrend,recommendationTrend,upgradeDowngradeHistory,esgScores,assetProfile"
AAPL,AAPL,price_trading,currentPrice,,2026-03-18,
AAPL,AAPL,price_trading,open,,2026-03-18,
AAPL,AAPL,price_trading,previousClose,,2026-03-18,
AAPL,AAPL,price_trading,dayLow,,2026-03-18,
AAPL,AAPL,price_trading,dayHigh,,2026-03-18,
AAPL,AAPL,price_trading,fiftyTwoWeekLow,,2026-03-18,
AAPL,AAPL,price_trading,fiftyTwoWeekHigh,,2026-03-18,
AAPL,AAPL,price_trading,volume,,2026-03-18,
AAPL,AAPL,price_trading,averageVolume,,2026-03-18,
AAPL,AAPL,price_trading,marketCap,,2026-03-18,
AAPL,AAPL,price_trading,beta,,2026-03-18,
AAPL,AAPL,valuation,trailingPE,,2026-03-18,
AAPL,AAPL,valuation,forwardPE,,2026-03-18,
AAPL,AAPL,valuation,pegRatio,,2026-03-18,
AAPL,AAPL,valuation,priceToBook,,2026-03-18,
AAPL,AAPL,valuation,priceToSalesTrailing12Months,,2026-03-18,
AAPL,AAPL,valuation,enterpriseValue,,2026-03-18,
AAPL,AAPL,valuation,enterpriseToEbitda,,2026-03-18,
AAPL,AAPL,valuation,enterpriseToRevenue,,2026-03-18,
AAPL,AAPL,profitability,grossProfits,,2026-03-18,
AAPL,AAPL,profitability,operatingMargins,,2026-03-18,
AAPL,AAPL,profitability,profitMargins,,2026-03-18,
AAPL,AAPL,profitability,returnOnAssets,,2026-03-18,
AAPL,AAPL,profitability,returnOnEquity,,2026-03-18,
AAPL,AAPL,balance_sheet,totalCash,,2026-03-18,
AAPL,AAPL,balance_sheet,totalDebt,,2026-03-18,
AAPL,AAPL,balance_sheet,debtToEquity,,2026-03-18,
AAPL,AAPL,balance_sheet,currentRatio,,2026-03-18,
AAPL,AAPL,balance_sheet,bookValue,,2026-03-18,
AAPL,AAPL,income_cashflow,totalRevenue,,2026-03-18,
AAPL,AAPL,income_cashflow,revenueGrowth,,2026-03-18,
AAPL,AAPL,income_cashflow,netIncomeToCommon,,2026-03-18,
AAPL,AAPL,income_cashflow,ebitda,,2026-03-18,
AAPL,AAPL,income_cashflow,operatingCashflow,,2026-03-18,
AAPL,AAPL,income_cashflow,freeCashflow,,2026-03-18,
AAPL,AAPL,earnings,trailingEps,,2026-03-18,
AAPL,AAPL,earnings,forwardEps,,2026-03-18,
AAPL,AAPL,earnings,earningsGrowth,,2026-03-18,
AAPL,AAPL,earnings,earningsQuarterlyGrowth,,2026-03-18,
AAPL,AAPL,dividends,dividendYield,,2026-03-18,
AAPL,AAPL,dividends,dividendRate,,2026-03-18,
AAPL,AAPL,dividends,payoutRatio,,2026-03-18,
AAPL,AAPL,dividends,exDividendDate,,2026-03-18,
AAPL,AAPL,analyst,recommendationKey,,2026-03-18,
AAPL,AAPL,analyst,numberOfAnalystOpinions,,2026-03-18,
AAPL,AAPL,analyst,targetMeanPrice,,2026-03-18,
AAPL,AAPL,analyst,targetHighPrice,,2026-03-18,
AAPL,AAPL,analyst,targetLowPrice,,2026-03-18,
AAPL,AAPL,additional,sector,,2026-03-18,
AAPL,AAPL,additional,industry,,2026-03-18,
AAPL,AAPL,additional,esgScore,,2026-03-18,
NVDA,NVDA,price_trading,currentPrice,,2026-03-18,
NVDA,NVDA,price_trading,open,,2026-03-18,
NVDA,NVDA,price_trading,previousClose,,2026-03-18,
NVDA,NVDA,price_trading,dayLow,,2026-03-18,
NVDA,NVDA,price_trading,dayHigh,,2026-03-18,
NVDA,NVDA,price_trading,fiftyTwoWeekLow,,2026-03-18,
NVDA,NVDA,price_trading,fiftyTwoWeekHigh,,2026-03-18,
NVDA,NVDA,price_trading,volume,,2026-03-18,
NVDA,NVDA,price_trading,averageVolume,,2026-03-18,
NVDA,NVDA,price_trading,marketCap,,2026-03-18,
NVDA,NVDA,price_trading,beta,,2026-03-18,
NVDA,NVDA,valuation,trailingPE,,2026-03-18,
NVDA,NVDA,valuation,forwardPE,,2026-03-18,
NVDA,NVDA,valuation,pegRatio,,2026-03-18,
NVDA,NVDA,valuation,priceToBook,,2026-03-18,
NVDA,NVDA,valuation,priceToSalesTrailing12Months,,2026-03-18,
NVDA,NVDA,valuation,enterpriseValue,,2026-03-18,
NVDA,NVDA,valuation,enterpriseToEbitda,,2026-03-18,
NVDA,NVDA,valuation,enterpriseToRevenue,,2026-03-18,
NVDA,NVDA,profitability,grossProfits,,2026-03-18,
NVDA,NVDA,profitability,operatingMargins,,2026-03-18,
NVDA,NVDA,profitability,profitMargins,,2026-03-18,
NVDA,NVDA,profitability,returnOnAssets,,2026-03-18,
NVDA,NVDA,profitability,returnOnEquity,,2026-03-18,
NVDA,NVDA,balance_sheet,totalCash,,2026-03-18,
NVDA,NVDA,balance_sheet,totalDebt,,2026-03-18,
NVDA,NVDA,balance_sheet,debtToEquity,,2026-03-18,
NVDA,NVDA,balance_sheet,currentRatio,,2026-03-18,
NVDA,NVDA,balance_sheet,bookValue,,2026-03-18,
NVDA,NVDA,income_cashflow,totalRevenue,,2026-03-18,
NVDA,NVDA,income_cashflow,revenueGrowth,,2026-03-18,
NVDA,NVDA,income_cashflow,netIncomeToCommon,,2026-03-18,
NVDA,NVDA,income_cashflow,ebitda,,2026-03-18,
NVDA,NVDA,income_cashflow,operatingCashflow,,2026-03-18,
NVDA,NVDA,income_cashflow,freeCashflow,,2026-03-18,
NVDA,NVDA,earnings,trailingEps,,2026-03-18,
NVDA,NVDA,earnings,forwardEps,,2026-03-18,
NVDA,NVDA,earnings,earningsGrowth,,2026-03-18,
NVDA,NVDA,earnings,earningsQuarterlyGrowth,,2026-03-18,
NVDA,NVDA,dividends,dividendYield,,2026-03-18,
NVDA,NVDA,dividends,dividendRate,,2026-03-18,
NVDA,NVDA,dividends,payoutRatio,,2026-03-18,
NVDA,NVDA,dividends,exDividendDate,,2026-03-18,
NVDA,NVDA,analyst,recommendationKey,,2026-03-18,
NVDA,NVDA,analyst,numberOfAnalystOpinions,,2026-03-18,
NVDA,NVDA,analyst,targetMeanPrice,,2026-03-18,
NVDA,NVDA,analyst,targetHighPrice,,2026-03-18,
NVDA,NVDA,analyst,targetLowPrice,,2026-03-18,
NVDA,NVDA,additional,sector,,2026-03-18,
NVDA,NVDA,additional,industry,,2026-03-18,
NVDA,NVDA,additional,esgScore,,2026-03-18,
